decision_date,ticker,reason
2025-09-25,FDXF,missing_or_nonfinite_ohlcv
2025-09-25,HONA,missing_or_nonfinite_ohlcv
2025-09-25,Q,missing_or_nonfinite_ohlcv
2025-10-02,FDXF,missing_or_nonfinite_ohlcv
2025-10-02,HONA,missing_or_nonfinite_ohlcv
2025-10-02,Q,missing_or_nonfinite_ohlcv
2025-10-09,FDXF,missing_or_nonfinite_ohlcv
2025-10-09,HONA,missing_or_nonfinite_ohlcv
2025-10-09,Q,missing_or_nonfinite_ohlcv
2025-10-16,FDXF,missing_or_nonfinite_ohlcv
2025-10-16,HONA,missing_or_nonfinite_ohlcv
2025-10-16,Q,missing_or_nonfinite_ohlcv
2025-10-23,FDXF,missing_or_nonfinite_ohlcv
2025-10-23,HONA,missing_or_nonfinite_ohlcv
2025-10-23,Q,missing_or_nonfinite_ohlcv
2025-10-30,FDXF,missing_or_nonfinite_ohlcv
2025-10-30,HON,split_in_required_window
2025-10-30,HONA,missing_or_nonfinite_ohlcv
2025-10-30,Q,missing_or_nonfinite_ohlcv
2025-11-06,DD,split_in_required_window
2025-11-06,FDXF,missing_or_nonfinite_ohlcv
2025-11-06,HON,split_in_required_window
2025-11-06,HONA,missing_or_nonfinite_ohlcv
2025-11-06,Q,missing_or_nonfinite_ohlcv
2025-11-13,DD,split_in_required_window
2025-11-13,FDXF,missing_or_nonfinite_ohlcv
2025-11-13,FISV,missing_or_nonfinite_ohlcv
2025-11-13,HON,split_in_required_window
2025-11-13,HONA,missing_or_nonfinite_ohlcv
2025-11-13,Q,missing_or_nonfinite_ohlcv
2025-11-20,DD,split_in_required_window
2025-11-20,FDXF,missing_or_nonfinite_ohlcv
2025-11-20,FISV,missing_or_nonfinite_ohlcv
2025-11-20,HON,split_in_required_window
2025-11-20,HONA,missing_or_nonfinite_ohlcv
2025-11-20,NFLX,split_in_required_window
2025-11-20,Q,missing_or_nonfinite_ohlcv
2025-12-04,DD,split_in_required_window
2025-12-04,FDXF,missing_or_nonfinite_ohlcv
2025-12-04,FISV,missing_or_nonfinite_ohlcv
2025-12-04,HON,split_in_required_window
2025-12-04,HONA,missing_or_nonfinite_ohlcv
2025-12-04,NFLX,split_in_required_window
2025-12-04,Q,missing_or_nonfinite_ohlcv
2025-12-11,DD,split_in_required_window
2025-12-11,FDXF,missing_or_nonfinite_ohlcv
2025-12-11,FISV,missing_or_nonfinite_ohlcv
2025-12-11,HONA,missing_or_nonfinite_ohlcv
2025-12-11,NFLX,split_in_required_window
2025-12-18,FDXF,missing_or_nonfinite_ohlcv
2025-12-18,FISV,missing_or_nonfinite_ohlcv
2025-12-18,HONA,missing_or_nonfinite_ohlcv
2025-12-18,NFLX,split_in_required_window
2025-12-18,NOW,split_in_required_window
2026-01-08,CMCSA,split_in_required_window
2026-01-08,FDXF,missing_or_nonfinite_ohlcv
2026-01-08,HONA,missing_or_nonfinite_ohlcv
2026-01-08,NOW,split_in_required_window
2026-01-08,TPL,split_in_required_window
2026-01-15,AMCR,split_in_required_window
2026-01-15,CMCSA,split_in_required_window
2026-01-15,FDXF,missing_or_nonfinite_ohlcv
2026-01-15,HONA,missing_or_nonfinite_ohlcv
2026-01-15,NOW,split_in_required_window
2026-01-15,TPL,split_in_required_window
2026-01-22,AMCR,split_in_required_window
2026-01-22,CMCSA,split_in_required_window
2026-01-22,FDXF,missing_or_nonfinite_ohlcv
2026-01-22,HONA,missing_or_nonfinite_ohlcv
2026-01-22,NOW,split_in_required_window
2026-01-22,TPL,split_in_required_window
2026-01-29,AMCR,split_in_required_window
2026-01-29,CMCSA,split_in_required_window
2026-01-29,FDXF,missing_or_nonfinite_ohlcv
2026-01-29,HONA,missing_or_nonfinite_ohlcv
2026-01-29,NOW,split_in_required_window
2026-01-29,TPL,split_in_required_window
2026-02-05,AMCR,split_in_required_window
2026-02-05,CMCSA,split_in_required_window
2026-02-05,FDXF,missing_or_nonfinite_ohlcv
2026-02-05,HONA,missing_or_nonfinite_ohlcv
2026-02-12,AMCR,split_in_required_window
2026-02-12,BDX,split_in_required_window
2026-02-12,CMCSA,split_in_required_window
2026-02-12,FDXF,missing_or_nonfinite_ohlcv
2026-02-12,HONA,missing_or_nonfinite_ohlcv
2026-02-19,AMCR,split_in_required_window
2026-02-19,BDX,split_in_required_window
2026-02-19,FDXF,missing_or_nonfinite_ohlcv
2026-02-19,HONA,missing_or_nonfinite_ohlcv
2026-02-26,AMCR,split_in_required_window
2026-02-26,BDX,split_in_required_window
2026-02-26,FDXF,missing_or_nonfinite_ohlcv
2026-02-26,HONA,missing_or_nonfinite_ohlcv
2026-03-05,BDX,split_in_required_window
2026-03-05,FDXF,missing_or_nonfinite_ohlcv
2026-03-05,HONA,missing_or_nonfinite_ohlcv
2026-03-12,BDX,split_in_required_window
2026-03-12,FDXF,missing_or_nonfinite_ohlcv
2026-03-12,HONA,missing_or_nonfinite_ohlcv
2026-03-19,BDX,split_in_required_window
2026-03-19,FDXF,missing_or_nonfinite_ohlcv
2026-03-19,HONA,missing_or_nonfinite_ohlcv
2026-03-26,FDXF,missing_or_nonfinite_ohlcv
2026-03-26,HONA,missing_or_nonfinite_ohlcv
2026-04-02,FDXF,missing_or_nonfinite_ohlcv
2026-04-02,HONA,missing_or_nonfinite_ohlcv
2026-04-09,BKNG,split_in_required_window
2026-04-09,FDXF,missing_or_nonfinite_ohlcv
2026-04-09,HONA,missing_or_nonfinite_ohlcv
2026-04-16,BKNG,split_in_required_window
2026-04-16,FDXF,missing_or_nonfinite_ohlcv
2026-04-16,HONA,missing_or_nonfinite_ohlcv
2026-04-23,BKNG,split_in_required_window
2026-04-23,FDXF,missing_or_nonfinite_ohlcv
2026-04-23,HONA,missing_or_nonfinite_ohlcv
2026-04-30,BKNG,split_in_required_window
2026-04-30,FDXF,missing_or_nonfinite_ohlcv
2026-04-30,HONA,missing_or_nonfinite_ohlcv
2026-05-07,BKNG,split_in_required_window
2026-05-07,FDXF,missing_or_nonfinite_ohlcv
2026-05-07,HONA,missing_or_nonfinite_ohlcv
2026-05-14,BKNG,split_in_required_window
2026-05-14,CVNA,split_in_required_window
2026-05-14,FDXF,missing_or_nonfinite_ohlcv
2026-05-14,HONA,missing_or_nonfinite_ohlcv
2026-05-21,CVNA,split_in_required_window
2026-05-21,FDXF,missing_or_nonfinite_ohlcv
2026-05-21,HONA,missing_or_nonfinite_ohlcv
2026-05-28,CVNA,split_in_required_window
2026-05-28,FDXF,missing_or_nonfinite_ohlcv
2026-05-28,HONA,missing_or_nonfinite_ohlcv
2026-06-04,CVNA,split_in_required_window
2026-06-04,FDX,split_in_required_window
2026-06-04,FDXF,missing_or_nonfinite_ohlcv
2026-06-04,HONA,missing_or_nonfinite_ohlcv
2026-06-11,CVNA,split_in_required_window
2026-06-11,FDX,split_in_required_window
2026-06-11,FDXF,missing_or_nonfinite_ohlcv
2026-06-11,HONA,missing_or_nonfinite_ohlcv
2026-06-18,CVNA,split_in_required_window
2026-06-18,FDX,split_in_required_window
2026-06-18,FDXF,missing_or_nonfinite_ohlcv
2026-06-18,HONA,missing_or_nonfinite_ohlcv
2026-06-18,KLAC,split_in_required_window
2026-06-25,DD,split_in_required_window
2026-06-25,FDX,split_in_required_window
2026-06-25,FDXF,missing_or_nonfinite_ohlcv
2026-06-25,HONA,missing_or_nonfinite_ohlcv
2026-06-25,KLAC,split_in_required_window
2026-07-02,CRWD,split_in_required_window
2026-07-02,DD,split_in_required_window
2026-07-02,FDX,split_in_required_window
2026-07-02,FDXF,missing_or_nonfinite_ohlcv
2026-07-02,HON,split_in_required_window
2026-07-02,HONA,missing_or_nonfinite_ohlcv
2026-07-02,KLAC,split_in_required_window
2026-07-02,SPGI,split_in_required_window
2026-07-09,CRWD,split_in_required_window
2026-07-09,DD,split_in_required_window
2026-07-09,FDX,split_in_required_window
2026-07-09,HON,split_in_required_window
2026-07-09,HONA,missing_or_nonfinite_ohlcv
2026-07-09,KLAC,split_in_required_window
2026-07-09,SPGI,split_in_required_window
2026-07-16,CRWD,split_in_required_window
2026-07-16,DD,split_in_required_window
2026-07-16,HON,split_in_required_window
2026-07-16,HONA,missing_or_nonfinite_ohlcv
2026-07-16,KLAC,split_in_required_window
2026-07-16,SPGI,split_in_required_window
2026-07-23,CRWD,split_in_required_window
2026-07-23,DD,split_in_required_window
2026-07-23,HON,split_in_required_window
2026-07-23,HONA,missing_or_nonfinite_ohlcv
2026-07-23,KLAC,split_in_required_window
2026-07-23,SPGI,split_in_required_window
2026-07-30,CRWD,split_in_required_window
2026-07-30,DD,split_in_required_window
2026-07-30,HON,split_in_required_window
2026-07-30,SPGI,split_in_required_window
2026-08-06,CRWD,split_in_required_window
2026-08-06,HON,split_in_required_window
2026-08-06,SPGI,split_in_required_window
2026-08-13,MNST,split_in_required_window
2026-08-20,MNST,split_in_required_window
2026-08-27,MNST,split_in_required_window
2026-09-03,APH,split_in_required_window
2026-09-03,MNST,split_in_required_window
2026-09-10,APH,split_in_required_window
2026-09-10,MNST,split_in_required_window
2026-09-17,APH,split_in_required_window
2026-09-17,MNST,split_in_required_window
2026-09-24,APH,split_in_required_window
